Model,Accuracy,Precision,Recall,F1-Score
Random Forest,0.9931818181818182,0.9937348484848485,0.9931818181818182,0.9931754816901672
